,dy_obs,dy_obs_level,dc_obs,dc_obs_level,dinv_obs,dinv_obs_level,dx_obs,dx_obs_level,dm_obs,dm_obs_level,pi_obs,pi_obs_level,dw_obs,dw_obs_level,dh_obs,dh_obs_level,i_R_obs,i_R_obs_level,i_3m_obs,i_3m_obs_level,ds_obs,ds_obs_level,dpO_obs,dpO_obs_level,u_obs,dyS_obs,dyS_obs_level,db_obs,db_obs_level,covid_flag
2001Q1,1.291936963083648,13.26441140035708,0.5562152561787627,12.452041701619612,1.749088979381637,11.969052001213836,2.935303549903131,13.148701464726596,2.2086444837563928,12.268023446405824,3.5470878214786645,4.348556024612281,5.424034392228862,5.681877639268151,2.115583345440685,3.730501128804756,1.0641847788198282,7.0,,,,2.1044256514149327,-15.534730830647462,3.2513127628540155,-0.3047011208791206,1.0254030098949418,1.1571917826511569,2.816304347826085,0.1001469486049388,0
2001Q2,-1.3823892757681284,13.256817344326281,-0.03590881339218022,12.459605721901328,-2.8279152656583357,11.94903616319278,-2.0538489072846757,13.131586711386031,-0.7349716164640104,12.269591897389256,2.270512790236476,4.360121799285832,,,2.9265982892170186,3.7727609380946383,,,,,,,4.698850768396164,3.306503157951254,-0.11928512087912058,0.6092497213205317,0.7410384940767467,2.9163043478260846,0.10105124406972792,0
2001Q3,-1.0355786356823578,13.25269139469634,-0.439054867437325,12.463138281642593,0.7421092832692061,11.964720570661,2.7300302435608956,13.162310749553923,-1.6662183539741822,12.261847880997587,-6.465422269657642,4.349847736309647,,,-1.2993826397712083,3.7727609380946383,1.0641847788198282,7.0,,,-2.8275520170707393,2.0806168123171234,-8.388240717051302,3.230822638194018,-0.0945081208791203,0.43431698399971075,0.5661057567559258,3.2163043478260835,0.10375923429085242,0
2001Q4,0.6717907656060811,13.265639139079283,0.40913795240619344,12.475152769582293,-5.877537821169158,11.914208507084835,0.05960155312397458,13.166330500817445,-0.22445633429981815,12.268521484802662,-0.8097354593322641,4.353712890359275,,,-1.5295323385991166,3.770459441106359,1.0427004038198282,6.9140625,,,-0.9412724019579324,2.075670769370442,-27.398505640726583,2.965039469200029,-0.01738712087912031,-0.005949979780551812,0.12583879297566325,3.649637681159419,0.10765787470650971,0
2002Q1,-0.20394963803551946,13.26982947942581,0.5985342737733347,12.489061220735664,2.5393407664582717,11.947865229384945,-2.7635291780049456,13.142118944769678,-1.1472062519022348,12.265967589431712,-0.30363353560375606,4.358843299218225,5.830272028454843,5.734634938138965,1.8754871916868188,3.8022081394209395,0.9391847788198282,6.5,,,-2.4279198355627587,2.0558582520877127,7.679119375817385,3.05003255037148,0.19066887912087926,-0.3439449995708832,-0.21215622681466817,3.516304347826086,0.10645991110112732,0
2002Q2,0.20591675837790802,13.278118483736472,-1.1603323039655367,12.485381006111647,-2.6824407776505006,11.929304136243967,0.07989080273077204,13.146341588529268,0.8758854545272124,12.283644611125057,0.025162331734515764,4.36479569774552,,,2.2097493413557814,3.8372994592322094,0.9391847788198282,6.5,,,-4.33363112199216,2.016988621940689,16.521157301753085,3.2234460108022875,0.16295787912087967,-0.3256978766539065,-0.19390910389769145,3.682971014492752,0.10795714150509236,0
2002Q3,-0.32254714757422875,13.281122848987613,0.8909723996304876,12.50221383852359,2.666290652892696,11.964230357408422,-0.19778945170635726,13.147787429744486,-3.0847311277570473,12.26171546699556,-2.695067667801401,4.363947521273976,,,-4.585549088171282,3.8044377947482086,1.05850296063801,6.9772727272727275,,,-2.009918435033925,2.001356118663248,6.005585912579144,3.291703757341356,-0.004686120879120459,-0.4634410481291418,-0.33165227537292674,3.649637681159419,0.10765787470650971,0
2002Q4,-1.3982995398641924,13.273369690315853,0.7694340258802469,12.51783128719803,-1.2647705085034695,11.959845966958914,-0.1532276826719337,13.14967888865005,0.06038988157825809,12.271237532959415,2.368003075340605,4.375757021660286,,,-1.9697762119902384,3.7977338590260183,1.0407472788198282,6.90625,,,-1.530212742121856,1.9905206723149276,-1.382688270987457,3.2860787620447582,0.12030187912087964,-0.8509863113875127,-0.7191975386312977,2.982971014492753,0.10165365372649982,0
2003Q1,0.19003659415057483,13.281499892984241,-0.6799876609972032,12.518954519003696,1.3662893648775003,11.981772175243217,-1.5984633609516774,13.137117990772815,-1.0972114448785337,12.269183585658702,8.889259295235371,4.403869662596334,2.3056511170982077,5.778580684731388,0.9180031096610131,3.8199077165203406,0.8082323978674473,5.976190476190476,,,2.9279100477738904,2.0242664538655646,15.56161893119453,3.4498968387699804,0.2002068791208793,-1.18654116371537,-1.054752390959155,2.9163043478260846,0.10105124406972792,0
2003Q2,-0.3050243375721158,13.284679486335403,-0.28058995622711513,12.524071727857063,-3.7166198384109657,11.952869291494634,1.364584636383056,13.154187572868928,-0.7614031258064832,12.27048772154871,-9.097991643748818,4.387014176184921,,,-0.6436425851553251,3.8264651170664994,,,,,,,-19.347325226638926,3.264625473916868,0.3680738791208791,-1.5735912667737784,-1.4418024940175633,2.349637681159418,0.0959160568298266,0
2003Q3,0.6960776140644691,13.29787009920293,0.5727722861176644,12.537722559133877,1.2061758988905118,11.973194365119067,-2.5507523366107434,13.132103785235103,0.5122051386983609,12.284527940083766,-4.017619162042655,4.382859620977773,,,-1.5174852344072465,3.824284091120139,0.16456356669861605,3.4015151515151514,,,8.114575792662864,2.1098788928650913,7.448965029082529,3.3473170116209703,0.5190328791208794,-1.1753497986562078,-1.0435610258999928,2.2496376811594185,0.0950071035783346,0
2003Q4,-0.9746521894777678,13.294353414035035,0.5133080243259115,12.550778747792775,-7.769355353836497,11.90376412621623,1.3510892969740584,13.149038413937125,-0.5309720769307821,12.288136386462531,-0.36243747216439237,4.387843019995321,,,0.0021541714358297437,3.8372994592322094,-0.06686360827694604,2.475806451612903,,,-0.7457973029908418,2.106887600908081,2.567771070237808,3.3811966097366253,0.5112748791208794,-0.99929704928997,-0.867508276533755,3.016304347826086,0.1019547225229934,0
2004Q1,2.8103000226277626,13.328686250988195,2.255880394564893,12.581260660154062,9.820062255198932,12.010228063403746,1.0267438401494988,13.162729588070903,3.770589829599656,12.3347604519066,-1.6935452722788873,4.389498649512583,-1.53060599133633,5.812935788552724,5.772169840068585,3.9080149840306073,-0.1809324086801718,2.01953125,,,4.4000660237274944,2.155354942218254,7.617137624270527,3.4655698733926075,0.4440818791208798,-0.8960063097044235,-0.7642175369482085,3.149637681159419,0.10315809210262626,0
2004Q2,0.023177062767506973,13.335147858342753,0.42748716687334387,12.593458640238433,1.03845562141935,12.028875934253467,-0.5027030326362347,13.161126293476823,1.1882426174215848,12.355561045228889,-0.04651231465594696,4.395271861423902,,,0.29427658651004385,3.92395157629342,,,,,,,9.335718223472508,3.5671289430406095,0.4121948791208796,-0.8366471421702226,-0.7048583694140076,3.84963768115942,0.10945213356107979,0
2004Q3,0.6594991168670654,13.347972686238306,-0.4991474345945023,12.596390274308126,4.205411529703481,12.079193364186029,-1.0087389944775904,13.15446263926433,1.8320201599081525,12.382799413976043,-2.520304587157232,4.394860592653968,,,-1.1019492093994343,3.9259259105971376,-0.2483152211801718,1.75,,,-3.290210554558265,2.1269195177455695,14.764624197199824,3.7229770724258846,0.6734208791208793,-1.0712894422445085,-0.9395006694882935,3.682971014492752,0.10795714150509236,0
2004Q4,0.2557649822577639,13.356760172787766,-0.3668070251848875,12.600645312471915,5.18028606630296,12.139259539484586,-1.7728267125369268,13.140158107871242,-0.7929805444524282,12.383787775679592,-0.22245868903866528,4.4001939386293305,,,-0.12289848181257335,3.937690752176724,-0.2483152211801718,1.75,,,-2.7558845828348835,2.103827352990119,5.321382148734462,3.784392781326506,0.6272818791208792,-1.154702864783016,-1.022914092026801,3.482971014492753,0.10616019582839072,0
2005Q1,0.6005294796740139,13.368995304311388,2.23110695395238,12.630879490427077,-2.8348864660082946,12.11917398946003,0.7922773146940532,13.151504616750465,1.0273049157644802,12.402978991985309,-2.6832633275181954,4.399375273008494,-2.2184241699288663,5.845571346927579,2.712616739171313,3.977810745966149,-0.2483152211801718,1.75,,,0.0630706172846382,2.1089247402358633,7.590781193521797,3.868502480675001,0.7237268791208793,-1.2330954063848043,-1.1013066336285893,3.982971014492753,0.11064652008706365,0
2005Q2,1.7347036466729386,13.392572177505,0.4756940818361556,12.643559539661076,3.099326795677411,12.158430572052332,0.2713361726841856,13.15764171420959,1.1083637948605212,12.422980797081987,2.0425367906282994,4.410371107683024,,,1.4708776151623348,4.005513348515485,-0.2483152211801718,1.75,,,-2.8279494755769354,2.085111926552992,6.72823125452607,3.9439866806335386,0.7600778791208791,-0.9366482525835529,-0.8048594798273379,4.149637681159419,0.11213749993685009,0
2005Q3,-0.5506565679293891,13.393295448552589,0.9670326103818595,12.661152974180533,-0.8903284442401777,12.157790602245457,0.6504535500535613,13.167569985442407,2.93467664909066,12.461245730720966,-1.5465716362820152,4.412394171290278,,,-0.39275811599586263,4.014579593753238,-0.1858152211801718,2.0,,,-2.5040181385881324,2.064538426240009,16.796156197329267,4.120150130020108,0.7961888791208791,-0.4852902714427121,-0.35350149868649705,4.782971014492752,0.11778303565638346,0
2005Q4,1.0034546683353989,13.409559831962826,-1.820544260902044,12.65087063998715,5.8207308974039105,12.224261225855024,-0.6899322540105868,13.164094398634584,-0.06352763130461814,12.469528621555993,0.062102686879792035,4.418438920705436,,,-1.2993826397712083,4.014579593753238,-0.1457761586801718,2.16015625,,,-0.48646020290560893,2.064140505283851,-8.788082953035406,4.040471187903031,0.6643918791208794,-0.3583517610063136,-0.22656298825009857,5.449637681159418,0.1236914723425497,0
2006Q1,1.19237788198083,13.427713447509516,2.7477258051043973,12.686271006453833,-0.6507120904781821,12.22601741958577,-0.49268588826287046,13.162591275484237,1.0380810941333234,12.488827599645399,-1.0722019143111132,4.421647908617618,0.829299743091795,5.885826215084985,4.826767050659052,4.075841090657541,-0.11273829810324876,2.292307692307692,,,1.3664001940462187,2.082271188297211,7.502294564668673,4.123696020962995,0.20174687912087963,0.27888071465685615,0.4106694874130712,5.5496376811594175,0.12457473458163063,0
2006Q2,0.4580287048659508,13.438523571285058,0.9998781929140633,12.704192896798611,4.5720581674708125,12.280001315896005,-0.7101791954607617,13.158913219261912,1.5061297093959407,12.512807063887431,2.579588915606332,4.433986373604593,,,3.5068447408392647,4.123903364463645,,,,,,,10.92643907960856,4.241162299172357,0.06754987912087929,1.1428582073651683,1.2746469801213833,5.2163043478260835,0.12162748812169824,0
2006Q3,-0.08893099165445961,13.443864098095396,0.18730363797800031,12.71398904159403,-1.1626350954089966,12.276638279577442,-1.3635490267598283,13.148701464726596,0.157858040300061,12.523303811438504,-2.19760051789685,4.4343818650078095,,,1.8855999489386421,4.155753190350744,0.032454009589058974,2.873076923076923,,,0.023008536341634078,2.0869679547335256,-0.47026574581191904,4.244661529127515,-0.3964171208791205,1.123556260390296,1.255345033146511,5.082971014492751,0.12044615307586726,0
2006Q4,1.8813643394299555,13.468907578216578,-0.31685843206180386,12.71874356568905,-1.0450932847513124,12.274450661365456,-0.44352651085407874,13.147689935350337,3.7326432779499523,12.569548411366076,0.9519595138192423,4.442651256490317,,,-0.053260595990002324,4.168214410788556,0.11378795342300285,3.1984126984126986,,,2.1342854504150575,2.1127774903105743,-16.60871039465414,4.0867763125942504,-0.8530731208791207,1.6015925416663623,1.7333813144225774,4.982971014492753,0.11955923505763925,0
2007Q1,1.7110869369967057,13.492248284313428,2.122432033032875,12.747890994435016,6.053466252182856,12.343248638522812,0.9079067378031513,13.160192738460651,2.513980479790943,12.603606383312059,-6.7722457302264925,4.4316101348627095,5.727845924076348,5.938327448694853,4.708429754557185,4.22829253473184,0.2458254038198282,3.7265625,,,-1.6899581744384387,2.100344589639088,-3.73255081479346,4.057652691859593,-1.0051871208791203,1.8163734620186178,1.9481622347748329,4.34963768115942,0.1139237463183142,0
2007Q2,-0.31549210576054265,13.495323199982705,0.1928560714888362,12.757742663565542,2.796763177621427,12.379479584934554,-0.6077090908128835,13.157539383284805,-0.07801515077403753,12.611744398952391,-0.1414774662828271,4.4371459338949615,,,2.4206457288377994,4.26549281841793,,,,,,,16.235801245358758,4.228212591726457,-1.1438871208791204,2.097583552594554,2.229372325350769,4.316304347826085,0.11362626007485899,0
2007Q3,1.5105294267247353,13.516658330976835,0.4350426044374657,12.770016198025555,1.8937257608005758,12.406680157178087,0.6400392314146319,13.167363511331233,-1.6666513062155293,12.603996053038308,-2.8292633013604322,4.4359622683395195,,,-1.4399308006447298,4.264087336809195,0.471877086512136,4.630769230769231,,,-3.5731885058280346,2.0690793856537057,7.774959738327854,4.314164076523013,-1.2202451208791207,2.4649333287869677,2.596722101543183,4.34963768115942,0.1139237463183142,0
2007Q4,-0.08698619763636573,13.522018305727354,0.0064410232737756035,12.77800371667393,1.5316180441770704,12.430259652255385,0.07148052019104395,13.171502052265426,2.9033106371556965,12.641947326557938,5.772657697158431,4.456283405280375,,,-3.5754410636160703,4.241326752570746,0.5741054137404631,5.0396825396825395,,,-0.9718852196599128,2.0638272145300047,15.823571708039704,4.480601681016687,-1.2389261208791207,3.0208809302634907,3.152669703019706,3.7163043478260835,0.10825631876985192,0
2008Q1,-0.5232553704064975,13.523015588750171,0.2623975660244994,12.788550800749814,-2.2197499638092517,12.41632546725282,1.5849225342245166,13.190775013339954,1.3915984327370605,12.664781478033381,1.6473156234559334,4.4662911870369735,9.169459705051665,5.999432716757159,0.976675784073654,4.264087336809195,0.6266847788198282,5.25,,,0.5569617762871291,2.073863513365774,8.441567774704936,4.573219246177013,-1.2221411208791206,3.0484989959363316,3.180287768692547,3.5496376811594175,0.10675953657153367,0
2008Q2,0.6064338685656006,13.53530976416271,-0.6753708597471019,12.78972020056798,-1.998500085018366,12.404603781038164,-0.768942757862271,13.186509321493613,-1.6557749738099776,12.657141895443354,-1.2848459708970998,4.46896856480769,,,-0.04150441908514879,4.276666119016055,0.6752958899309394,5.444444444444445,,,-0.6205034867668937,2.0721251595710033,21.605703675316587,4.797478170343456,-1.1408141208791207,2.4117356088261985,2.543524381582414,2.649637681159419,0.09863796989699944,0
2008Q3,-0.3136556952263254,13.538403043937329,-2.422199431797698,12.773421314665642,1.5088306703269843,12.427955402376961,-2.5924983813006377,13.164008073412889,-0.07540797449063963,12.66530598284652,2.8055648551794072,4.481871969643597,,,-4.68953780733934,4.242764567340374,0.7516847788198282,5.75,,,1.0366831031080102,2.0869586716749815,-6.34908181105535,4.742189239646179,-1.1613111208791205,1.528032295154641,1.659821067910856,1.3829710144927514,0.08709470685093373,0
2008Q4,-2.6099460738071816,13.51853341992614,-1.6905341158980436,12.7644390819223,-2.251014420997914,12.41370857280251,-0.1547363000748459,13.165884446144423,-2.452072674521945,12.649703423249374,1.3972798066563237,4.491254661858197,,,-8.599719223123104,4.169761201506855,0.5165657312007805,4.809523809523809,,,9.67647088163937,2.1881900615642733,-74.25410299943833,4.007850097065073,-0.8636341208791207,-0.7602553761921527,-0.6284666034359376,-0.18369565217391592,0.07263069103490735,0
2009Q1,-1.0469959925478085,13.514293296727544,-0.346462593139205,12.768897564406545,-7.126657211217372,12.350705315325863,-2.4050881725870368,13.145257300150835,-11.686273136702498,12.541758859030422,-2.654750755281801,4.490507277667952,1.2465811416256258,6.0407307884109,2.7889990013693957,4.210645017918261,-0.021132681497632144,2.6587301587301586,,,-0.1315398829640549,2.191341343807531,-22.00655897750893,3.7959863947032604,-0.6782631208791203,-3.2427089584622517,-3.1109201857060365,-0.9836956521739149,0.06516332590641317,0
2009Q2,-0.5033121472493269,13.515490011981933,0.9955276402467873,12.786775949224651,-2.9020434775675548,12.329948195185715,-2.677576339282376,13.121905272490293,-0.6433587391526904,12.544243438786967,1.3651599857416792,4.499809670330265,,,3.76315892221084,4.2612704335380815,,,,,,,27.127005817851288,4.07545834029505,-0.4991581208791205,-3.558501890747462,-3.426713117991247,-1.2170289855072483,0.06297479916138839,0
2009Q3,-0.8830396961204718,13.512889451747611,0.2692894547876491,12.797391952188166,-3.1072555556265464,12.307138954264977,0.9500345026214407,13.13482935324879,0.4310593098299601,12.55747219903334,-2.355797079183622,4.499809670330265,,,0.5175785962987278,4.279440045898781,-0.3733152211801718,1.25,,,-2.793250747344639,2.1678755174069826,13.78743741300655,4.221534601838393,-0.4128141208791205,-3.441184776223604,-3.3093960034673886,-1.2836956521739147,0.06234862506453529,0
2009Q4,-0.03557658690647458,13.518763522605429,-0.17392200249365153,12.803575840578867,4.669929146870052,12.362101560369204,-0.5365288120531642,13.13288780086054,0.048817912828445276,12.566878545309697,-0.13972492893735966,4.505349850705881,,,-1.2993826397712083,4.279440045898781,-0.3215574086801718,1.45703125,,,-4.47872468747354,2.1275549516051453,8.194521634398274,4.311681705595652,-0.5780831208791204,-3.0204571409123218,-2.8886683681561065,-0.9503623188405816,0.0654755819589115,0
2010Q1,1.281449951590316,13.537807858848215,1.6877186756777318,12.828376135751283,-11.66455760072043,12.253719298997527,2.2468626632052477,13.158780163224876,2.2763867390031205,12.5985605798478,3.349181689042022,4.519612297626445,-0.7833896348720657,6.076953933123397,1.9706634913222432,4.312140507209715,-0.2483152211801718,1.75,,,-3.9917544938525564,2.092104087739518,1.6335106554507945,4.336218699563437,-0.11298912087912072,-2.40886922104434,-2.2770804482881246,-1.017028985507248,0.06485097231961627,0
2010Q2,-0.868426031397876,13.535353435261118,-0.9574844926988434,12.826724399239932,0.7670281539186213,12.269652895172241,-2.2206911541488608,13.13999698741567,3.713588503525676,12.64461463203113,-0.03862912207012448,4.5254052175192285,,,2.385244698825394,4.3489867805956814,,,,,,,1.8540529621605757,4.36296111659832,0.006649879120879554,-1.1057522835301958,-0.9739635107739808,-1.4170289855072484,0.06109509935981083,0
2010Q3,-0.2605175046857673,13.538978096941143,0.06149617215466485,12.835262469377117,-2.326770878491184,12.254648501022857,-2.19257226737554,13.121495000474196,-1.0622355408502333,12.6429104437707,-5.254360487490365,4.518158808998462,,,-1.8175185139709404,4.343805421853684,-0.1858152211801718,2.0,,,-2.2632981403957144,2.073937787408459,-2.9653234633377474,4.341509769378219,-0.1667181208791204,-0.3257816208014497,-0.19399284804523464,-1.517028985507248,0.060153922819747144,0
2010Q4,-0.7724870604018526,13.537483063064007,-0.21829611630107315,12.841002616629744,2.64628356425924,12.289374651300976,0.7818644665337959,13.132737380871816,-1.7352628249792463,12.634475982668981,1.5523215792894924,4.5279291056446445,,,-1.4293371739797733,4.3425058765115985,-0.1858152211801718,2.0,,,0.77109073883011,2.086115375869658,11.089507800524231,4.460606734796738,-0.22360712087912038,-0.10248749176977937,0.029301280986435696,-1.3836956521739152,0.06140862812864342,0
2011Q1,0.6761226645460832,13.55047412643635,0.6143656709366808,12.855069381754749,5.527585280562205,12.352913818742126,-0.34890567206321893,13.132672059883467,5.466374906524328,12.698057898882297,-0.20100644899848907,4.533316082220107,1.0084081690671667,6.117656572345742,3.771412115513572,4.393213824064446,-0.1858152211801718,2.0,,,-3.34400462926438,2.0571420106499123,18.942522562383854,4.658233847833854,-0.4948451208791207,0.5539961997341158,0.6857849724903309,-1.1170289855072477,0.06391332574365285,0
2011Q2,0.05137309225846365,13.557217694085818,-0.22744357339349086,12.860718054436452,-3.549201552018881,12.325685117857464,-0.8965796623778755,13.12712999899197,-7.10937278360664,12.635882338194303,0.21472229902797801,4.539742380665636,,,1.3837051399244282,4.420044701861403,,,,,,,9.584468120085518,4.762280416447986,-0.2781181208791206,0.5826551176115891,0.7144438903678041,-0.7170289855072483,0.06765864847381486,0
2011Q3,-0.20604857729418513,13.561387045039758,-0.4691065344282962,12.863950097507807,1.4196527923451234,12.348144960416443,1.658810524376938,13.147141839968022,0.6560344082952677,12.651360849425329,-5.069608595771205,4.532957851874167,,,-0.9390218894413727,4.423648309364701,-0.1233152211801718,2.25,,,-1.19558934916994,2.049652798231111,-4.101629771357477,4.729466006147688,-0.4963871208791204,0.6034484974780085,0.7352372702342236,-0.5503623188405813,0.06921506902147312,0
2011Q4,-0.030105198343635786,13.567315829783205,0.18775186868175375,12.873750724610263,0.3110516465485397,12.359518791517456,-2.044635277327204,13.130119222927032,2.9743308397346606,12.690022324970748,-1.0680120283944965,4.53617731450114,,,-1.7801527965814812,4.418840607796598,-0.1447995961801718,2.1640625,0.06314685760580557,2.15703125,-0.5112983029652964,2.049006496274356,-4.246683471288308,4.695201058848082,-0.4524351208791204,-0.11523320170191534,0.016555571054299723,-0.5170289855072481,0.0695260626486103,0
2012Q1,1.7162464967075601,13.590708131477163,1.1598340794315787,12.893272173820217,0.9070750324586335,12.37685285647757,3.054952171796684,13.164092480377281,-0.5954864669307743,12.692985627449513,-0.21865931498560576,4.541520158911635,0.45631777605456136,6.156978985585555,2.2512862059196994,4.454347296253507,-0.25985368271863335,1.7038461538461538,-0.0537648010480406,1.6893846153846155,-2.705922660046828,2.026413950746786,7.328603255715545,4.776688978818514,-0.5725131208791203,0.028246061056725863,0.16003483381294092,-0.5170289855072481,0.0695260626486103,0
2012Q2,-0.4024860694203076,13.592913107509842,0.0733371665181749,12.901928653901036,0.18645326925245842,12.386980703805621,0.05277337867393922,13.168043949896303,0.7858071036146422,12.709761865633732,-1.5041289079012947,4.543649329339841,,,1.9045527346904778,4.486386649998124,,,,,,,-10.507868403954049,4.679812182192251,-0.5724961208791206,-0.23175929806772969,-0.09997052531151462,-0.7503623188405824,0.06734707345961001,0
2012Q3,-0.0351617790776777,13.598791326445948,-0.20042618761973763,12.907847500440477,3.46039787753409,12.42984799721649,-2.574135973331907,13.145726325895266,-1.4718077953974191,12.70396195482783,-5.201771375938838,4.536534393597953,,,-0.73789885133826,4.492001487882454,-0.3108152211801718,1.5,-0.10426480104804065,1.4873846153846153,-3.0621751092948015,2.000258880726736,0.9082511260538901,4.6970965808660665,-0.6218011208791205,-0.15098593080710934,-0.01919715805089428,-0.6170289855072477,0.06859279146561167,0
2012Q4,0.004363422729644517,13.605064797400127,-0.6380179144952124,12.909390429711163,3.5183012552942166,12.473294324404959,-0.5633988287812397,13.143516073339736,-1.1559557543110461,12.701320564432793,2.3292609170232432,4.54824703858847,,,-1.9735424964631554,4.485259889315534,-0.3108152211801718,1.5,-0.10055539933863894,1.5022222222222221,-0.7823807851399636,1.9969017539482345,-0.34752545109856636,4.701823213768358,-0.3202261208791204,-0.9288950613529712,-0.7971062885967561,-0.5503623188405813,0.06921506902147312,0
2013Q1,0.49280496147441055,13.616222683741753,1.70513994312397,12.93436493755804,-4.712706074354637,12.43443057829694,-1.6495173175201583,13.130444635896817,2.6470988501962704,12.736709720082828,-0.1038558743553657,4.553876891600541,0.1874109756628286,6.195629131824389,1.6991762746858308,4.515245478460105,-0.3108152211801718,1.5,-0.09984046309091577,1.5050819672131148,0.38440679081164747,2.005212502929249,1.2424289857810706,4.722449391039445,-0.1763881208791207,-1.0385429411739378,-0.9067541684177227,-0.45036231884058164,0.07014775990208176,0
2013Q2,-0.6029689300548731,13.616422831168087,-0.4718077875087133,12.937569968098591,3.9444870314698526,12.482138763247166,0.9085557871239291,13.142953929500338,0.4410143652542312,12.750038030883443,1.2767811521128132,4.562958337178782,,,1.3991081356400359,4.542230386214217,-0.3108152211801718,1.5,-0.10256928822752776,1.4941666666666669,2.0469254555662006,2.0301484385578092,-10.015758137160372,4.630493697081119,-0.2174761208791205,-0.8229855393094632,-0.6911967665532481,-0.21702898550724825,0.07232066157962608,0
2013Q3,0.2148856529237102,13.624801524424207,-0.19764998670187317,12.94351657664721,0.27049303806027825,12.493107008263296,0.25088434619245586,13.148886508694545,0.3876733795653545,12.76283293182717,-1.106013038678602,4.566082797280044,,,-3.2349269350668184,4.522874943261261,-0.3108152211801718,1.5,-0.10421701550025508,1.4875757575757576,3.607326255784776,2.070688382188555,6.386074998314036,4.702556334477536,-0.22910312087912033,-0.604498176557785,-0.47270940380157,-0.5503623188405813,0.06921506902147312,0
2013Q4,0.027146230391414283,13.631302823455004,-0.6140508598330684,12.945299176464518,-0.43160544255865074,12.497054268473237,-1.6073548089991985,13.136236696336836,-1.0202652011212638,12.76154844696403,-0.419417087401333,4.5709237472595,,,-4.051344967808857,4.4953553199808844,-0.3108152211801718,1.5,-0.09940460568784532,1.5068253968253966,3.319974949545018,2.1083548127569034,-1.7335372336467685,4.693422849554345,-0.26448412087912043,-0.5355192568916756,-0.40373048413546053,-0.6503623188405818,0.06828150741640554,0
2014Q1,-0.1553156088940162,13.635979504092946,0.7741536294314201,12.96096382117447,-2.0046247475258334,12.485271335633506,2.9632331711921,13.169292763781039,-2.58996772686171,12.744566936843485,-0.8409045816305443,4.574710978503383,-3.2259631165671863,6.225745842832648,1.0173232883823091,4.51852237926242,-0.3108152211801718,1.5,-0.10555539933863894,1.482222222222222,0.909210883296546,2.121913602662767,-1.818015522801734,4.683444581739605,-0.17895012087912043,-0.5197170483941516,-0.3879282756379365,-0.9170289855072484,0.06578774053800315,0
2014Q2,0.18614384600647838,13.644070779279893,-0.029730305968276194,12.968589626530425,0.06862090521643938,12.494220859321198,-0.48407048399713776,13.16787579467335,2.0542745395532673,12.77402784938709,0.38393965904631466,4.581560320348958,,,2.446373613718821,4.55597994179732,,,,,,,0.6048771777446078,4.697695240930328,-0.4554311208791204,-0.5770661145433043,-0.4452773417870892,-1.0503623188405813,0.06453852113757116,0
2014Q3,-0.4058775012665967,13.64624184099411,-0.6494335297355079,12.970018399648708,-2.063757704914297,12.481846596907582,0.4255737910689194,13.175555268316321,2.9236068581434775,12.812182085116598,-0.041684788550858,4.58734560107554,,,-1.1943957534875216,4.557029810660157,-0.3108152211801718,1.5,-0.10243671246995201,1.4946969696969699,-1.3095588549934147,2.113284695185731,-8.19067214821462,4.623990406861458,-0.03561612087912058,-0.3496818773547872,-0.21789310459857214,-1.1836956521739141,0.06328773923591846,0
2014Q4,-0.06972603436670455,13.651774417377325,-0.15685296630028922,12.976372978401344,-2.521773824625621,12.464892173296853,1.8755261980332694,13.197734266028936,-5.310305746936452,12.767997194795306,-0.8655328659637056,4.591071261608589,,,-1.8254227796892464,4.551769409260976,-0.3217279195928702,1.4563492063492063,-0.1149204787037183,1.4447619047619047,3.1544702604659856,2.149296078863289,-29.582722684374044,4.336365067430995,0.022166879120879557,-0.34301159821990557,-0.21122282546369053,-1.4836956521739149,0.060467746767089686,0
2015Q1,0.05097450245534474,13.658513999128761,1.4450018825200273,12.998746105642182,-1.8770694235134706,12.454384793697246,0.6725975309542409,13.207883977070761,2.0794857544954564,12.797710219488334,-1.1406062711527247,4.594109238628667,-4.19333576997397,6.25344412220739,2.3260791494432045,4.5880240271531205,-0.3733152211801718,1.25,-0.16313476441800395,1.251904761904762,1.3208956013001592,2.1669717159491886,-35.60071320614134,3.9885598227828583,0.4872938791208794,-0.29880857283686946,-0.16701980008065442,-1.4836956521739149,0.060467746767089686,0
2015Q2,-0.34432928122532247,13.66130054304339,-0.28731797985991114,13.00379603425922,-0.8548097665943594,12.45410001066683,-0.4445111224298171,13.206862601578745,-1.1711302510679662,12.794917084125727,1.401359024307633,4.603502128887395,,,1.9040944931009152,4.620058798481842,,,,,,,12.472954214087725,4.121491252337012,0.5342688791208792,0.09080113006866394,0.222589902824879,-1.350362318840581,0.06172205862799685,0
2015Q3,-0.45837611720019056,13.662946618598271,-0.4293103766550431,13.007426038908308,-2.577040351901298,12.436592921783344,1.9610393428670736,13.229896730739698,-1.8397413216842313,12.785437838056957,-0.8893731738358972,4.607168188650764,,,-1.6942498853128163,4.616110126026426,-0.4396030999680506,0.9848484848484849,-0.23357307610631567,0.9701515151515152,4.098407804222798,2.2124224750643147,-20.881103078112652,3.920882108969163,0.7896318791208792,-0.08328403432873557,0.04850473842747949,-1.3170289855072488,0.0620353909194527,0
2015Q4,-0.7368510918156963,13.661807944406997,-0.4840661793887734,13.010508485530059,-0.9813049503976806,12.435043186914895,-1.1647644267761248,13.22167282220422,0.5568209789512205,12.799924214994542,1.089073500553392,4.615780365100107,,,-3.297451108819539,4.596129441335942,-0.4983152211801718,0.75,-0.2858375173941945,0.76109375,1.6946227767795028,2.233835383905008,-15.501533724682318,3.7740686591356165,0.7924668791208793,-0.030425406517210513,0.10136336623900455,-1.5836956521739154,0.059525979314026804,0
2016Q1,-0.1927868958807173,13.666109912175072,0.7515592249121595,13.025947186194818,1.7233928535987224,12.460540430086409,-1.206101242246086,13.21303554551404,-0.8178497647241675,12.800663884495373,1.4518797940765134,4.625299557283257,-8.33054517405317,6.270799378071934,2.366208528741053,4.632785353021065,-0.5054873523277128,0.7213114754098361,-0.2970535778450142,0.7162295081967213,1.5764138523814806,2.2540662035017207,-26.054598863104786,3.5217245579178456,1.0572158791208794,-0.09348295979934587,0.03830581295686919,-1.7503623188405824,0.05795439326055605,0
2016Q2,-0.47006265477234366,13.667639122354231,-1.6216533633715757,13.01765376097674,2.685915152931924,12.495662896251256,-1.9387397759159353,13.197071883487164,-2.152565671590347,12.788056394927542,2.579330457750681,4.637637376125593,,,2.798379803492578,4.673762977453703,-0.5608152211801718,0.5,-0.3533690194103235,0.4909677419354838,-2.6321454631258403,2.2322114299433604,28.92545817758164,3.819181027106939,0.9835338791208796,-0.11398775289525157,0.017801019860963496,-1.7503623188405824,0.05795439326055605,0
2016Q3,-0.20821310185803754,13.671786828062533,-1.1324453322805939,13.014252416069573,1.5580314638027963,12.519506525524811,0.855174825593038,13.209047367475376,3.6516701725433958,12.833491263801049,1.1141041982858675,4.646312129319266,,,0.5508088987609783,4.692264892839025,-0.5608152211801718,0.5,-0.34539125792449754,0.5228787878787878,-0.7881460811299315,2.228796650204959,-0.30756663306356447,3.82430724818958,1.1539508791208792,-0.12210654448551075,0.009682228270704307,-1.6170289855072477,0.05921185963184603,0
2016Q4,-0.8118177882707107,13.669898486906709,1.3574941985889621,13.0357504664711,-2.934106263350382,12.498428777526835,2.7913503704867524,13.240384606912526,-2.490683876935231,12.81750259217977,-0.5683699108325917,4.650780697240144,,,-1.2993826397712083,4.692264892839025,-0.5608152211801718,0.5,-0.3510328298941945,0.5003125,-3.201301395107431,2.201250317326783,6.037635462634523,3.8928854902292023,0.9381408791208798,-0.013172472772565752,0.11861629998364931,-1.4170289855072484,0.06109509935981083,0
2017Q1,0.6916559341620692,13.683044882975212,0.8490489286658544,13.052164064173397,2.4058510106313284,12.530750602268675,-3.832515056655731,13.205483192078251,-0.879338280780397,12.817627376520038,-2.355797079183622,4.650780697240144,-6.2246872100519255,6.293419278846481,2.3897446532345814,4.729156165769083,-0.5608152211801718,0.5,-0.353149416432656,0.4918461538461538,-0.9694681951077202,2.196022316448604,8.035965631106276,3.981447033953542,0.7720518791208795,0.3824392375997687,0.5142280103559838,-1.1170289855072477,0.06391332574365285,0
2017Q2,0.46296285807605186,13.693904348282855,-1.1155073270589044,13.048932099318446,-2.5320551465465564,12.513693365438737,4.704284070587369,13.255949768516407,-0.11525754018961909,12.825392968266215,0.6899029149144504,4.658394947225389,,,-0.15751691725001238,4.740574822994295,,,,,,,-8.658467606062606,3.903064245306193,0.6060548791208795,0.5375272990630553,0.6693160718192703,-1.1170289855072477,0.06391332574365285,0
2017Q3,0.062299325226452984,13.700757178262002,-0.25758292522465076,13.054279378481837,-1.0685033251034022,12.51127164682323,0.5154145016520306,13.26452764926521,-0.3881522776218579,12.830429612638069,-1.2196120009233673,4.66123540992104,,,-3.685708867100802,4.716711560720999,-0.5608152211801718,0.5,-0.35057249335573293,0.5021538461538462,3.46663423386529,2.235155339860155,4.188700436519206,3.9531531370846618,0.3595638791208797,0.6966177111261806,0.8284064838823957,-1.2170289855072483,0.06297479916138839,0
2017Q4,-0.020263015873903223,13.706784384830145,1.3058800737771348,13.075261287635247,0.009946910952192689,12.51963443056828,-6.948103477327408,13.198470350224218,1.6810566841551005,12.856158346627693,-1.2228301533686952,4.664067827235577,,,-3.013452570913456,4.699570861409576,-0.5608152211801718,0.5,-0.35400778029101987,0.4884126984126984,2.2654338656855453,2.2622763595899085,15.599793503952895,4.117352959537468,0.32559787912087934,1.0488430732525356,1.1806318460087506,-1.350362318840581,0.06172205862799685,0
2018Q1,-0.20611684167642097,13.710953053140264,-0.6293392773312733,13.076891003277572,-1.687301605689799,12.511024729146909,0.08854678347805728,13.20277955379128,-3.9018953314629474,12.826057560461136,0.27537920538648075,4.670645767947002,-4.117272225964129,6.321307717081248,0.5934183487805933,4.718498871295094,-0.5608152211801718,0.5,-0.3529657936038719,0.4925806451612903,-0.15468299717073558,2.265196210691099,7.7098262164165225,4.20265310911491,0.2048348791208796,0.8897089807248493,1.0214977534810643,-1.6503623188405818,0.058897641247485415,0
2018Q2,-0.016095761893611504,13.71702193224821,-0.011106547155823487,13.084703046221652,1.7975057145080036,12.537263100927516,2.2122422409281826,13.228325711932845,2.1378350251419302,12.856354077860628,2.238386591703398,4.68213122712422,,,2.553983760453148,4.757032535297338,-0.5608152211801718,0.5,-0.3524026215608611,0.49483333333333335,-1.2856676417052517,2.256806215346945,10.039866940042849,4.311253665928615,0.07308087912087968,1.0756042283195788,1.2073930010757938,-1.8170289855072488,0.05732506661926935,0
2018Q3,-0.22596043607856786,13.720992164614307,-1.0330889327328707,13.082295265309961,0.6109163564282888,12.551635579127327,1.4803069093902355,13.24655251675903,-1.0668058552891342,12.85460418645581,2.18621888579221,4.6934862670366595,,,-2.4225045967212875,4.745801315727837,-0.555045990410941,0.5230769230769231,-0.345149416432656,0.5238461538461539,-0.18752536882630816,2.25939764273158,-0.10324923897739136,4.318423060952118,0.27724687912087953,0.8921387024081151,1.0239274751643301,-1.9170289855072484,0.05638033343610769,0
2018Q4,0.1816307005445077,13.729038308346635,0.26152610149515987,13.09283363474055,0.09699319341404833,12.560868825696994,-3.987492877944413,13.210101323711868,-1.832849963479612,12.845193853969086,-0.8937180830867724,4.697141464526902,,,-3.6731204665957815,4.722063937459591,-0.4983152211801718,0.75,-0.27809508187832144,0.792063492063492,0.00866902819714438,2.2639510140864494,-9.594647263863912,4.230678475726756,0.06353887912087952,1.1466829698470715,1.2784717426032866,-2.0503623188405813,0.05511929922107953,0
2019Q1,-0.08461748580524131,13.734421970215465,0.30311736747769225,13.103787916830965,3.675970511899114,12.605891845451513,2.834786234226313,13.241872921786413,3.1845244739383087,12.885957265856542,-1.1414670633738715,4.700177289566426,-1.5610576796642448,6.355586691681764,1.334659021669603,4.748404354073999,-0.49236284022779087,0.7738095238095238,-0.2811903199735596,0.7796825396825396,0.8043567095626978,2.2764612622549745,-9.420235857539453,4.144678004564638,0.10060187912087937,1.5057180023953054,1.6375067751515204,-1.9503623188405816,0.05606522393294891,0
2019Q2,0.4539285712649581,13.745191092654997,-1.2358375594218574,13.099352649652385,1.7570767429873917,12.631725927516914,1.1258394476033462,13.256555051994729,0.3438983325764847,12.89831441633038,0.061859117373539,4.706221430057819,,,1.5201121143910912,4.776599301615622,,,,,,,8.175557322411361,4.234635465202029,-0.3170821208791206,1.8511642349044644,1.9829530076606794,-2.0503623188405813,0.05511929922107953,0
2019Q3,0.2548211637707547,13.753969141019587,0.0842639666502577,13.108118397734525,2.153161461426874,12.66152085676671,-4.2841738049152065,13.21713704967786,0.8935309327689803,12.916167892806142,-0.9121864897012748,4.709830456531525,,,-2.0604856795848345,4.768988271217486,-0.3666864333013839,1.2765151515151516,-0.15580792459116416,1.2812121212121212,0.6249359999032142,2.2871773033269047,-11.65782283095275,4.126259124305778,0.05001987912087946,1.9474895594074482,2.079278332163663,-2.4503623188405816,0.05132662716534063,0
2019Q4,-0.7515339878231748,13.752683637868238,-0.8298487222911576,13.107743018927252,-1.2409817422230724,12.657374353980007,4.169669954818786,13.26225748495833,-2.9249450492791613,12.895836609461423,-1.037048694520029,4.713127327493184,,,-3.4444670340185066,4.747537427275013,-0.3108152211801718,1.5,-0.0991268279100675,1.507936507936508,2.0277232316111613,2.3119212167159144,1.2916228720985707,4.147377240440041,0.32951687912087957,2.0705759663905874,2.2023647391468026,-2.6170289855072477,0.04974209189481401,0
2020Q1,-3.2988513173309446,13.72592496142181,-1.4771564554213557,13.100894562788676,-3.5536617424468937,12.630101051191065,-1.0260062798284875,13.255421157892327,-1.2197093392927645,12.892557683216568,-2.954689240769573,4.711630097089219,-3.0924385726872714,6.386037214049723,0.6757781791801187,4.767289035464526,-0.3547605336801718,1.32421875,-0.1474781423941945,1.31453125,3.1669659508861523,2.348057557297674,-23.80743001059457,3.917504827747372,-0.09808512087912069,-0.02333522889648501,0.10845354385973005,-2.850362318840581,0.047519515967976364,1
2020Q2,-5.746269046756305,13.67469210768113,-12.47559029808983,12.984061768223416,-5.277025699320207,12.58559410883339,-7.739596051165912,13.18144893311295,-20.24859835418056,12.698989866822835,0.03441021228048635,4.717605615317879,,,2.291817462498779,4.803201036487226,,,,,,,-53.459278796631544,3.3911139271943336,0.6470498791208792,-11.585613816712206,-11.453825043955991,-3.183695652173915,0.04433581382005162,1
2020Q3,3.8411357950337983,13.71933330235835,7.763151870665932,13.069616395345713,0.13917214714873227,12.595249144940405,2.8062406743483224,13.212935075588716,8.44112022667982,12.792319236237706,0.7302716410860861,4.725320787118553,,,0.08556821386524915,4.817050545023591,-0.6858152211801718,0.0,-0.4769442882275278,-0.0033333333333333335,1.505239813091369,2.367576636501486,35.984286277513476,3.7591586773827452,1.2560548791208799,-2.6031170596465727,-2.4713282868903574,-3.0836956521739154,0.045291989191706815,1
2020Q4,0.4225028970328475,13.729788168055562,-0.823097136423354,13.069308532397118,-1.0695518606288297,12.592816940969644,-1.322314629747049,13.203135665023527,-1.5513876649112763,12.785723526736666,-2.1193904529171497,4.72591180368422,,,-0.9762805816265774,4.820281565605037,-0.6858152211801718,0.0,-0.47611095489419447,0.0,0.3793834509279667,2.3758371520836636,2.3995635522079466,3.7913562003181016,1.2977628791208797,-1.5536986420595122,-1.4219098693032972,-2.883695652173915,0.04720160148429416,1
2021Q1,-0.4528390522928112,13.731489614259516,-2.0841413133651487,13.056390227679104,3.5250918550378834,12.63633117415555,2.1951582469598905,13.228510983225409,-6.343231872115675,12.731209375163582,3.6258420239248275,4.740865901441991,-1.4941698718071592,6.420483408169882,3.9629228627426674,4.872904620630176,-0.6858152211801718,0.0,-0.4762300025132421,-0.0004761904761904762,-5.220509421287528,2.3280987389436865,31.195049560002396,4.1115085833314025,1.2762308791208792,-1.1683071947466195,-1.0365184219904044,-2.883695652173915,0.04720160148429416,1
2021Q2,0.8194481839790961,13.74591393282619,0.9200075352063265,13.073513411446806,-4.554438227202121,12.599050106519057,6.042456554995609,13.292359284507647,4.5018921268205485,12.78514646357986,-0.49748943951450064,4.7455116705411635,,,3.4082478800237173,4.919980925828125,,,,,,,11.413227847347137,4.233842749218151,1.24331487912088,0.09352211196051227,0.22531088471672733,-2.6170289855072477,0.04974209189481401,1
2021Q3,1.7860925016705858,13.770004694569778,6.304445029548158,13.144480970157925,-0.13042553664628753,12.606009165788121,-0.7734032568075844,13.288048987671853,3.7975857000924744,12.832040487728857,3.2821504213549653,4.75960653929251,,,-1.66501376008228,4.916324614625014,-0.6810803726953233,0.01893939393939394,-0.47137610640934596,0.01893939393939394,0.22379248602655805,2.33480334487685,5.5364257514482444,4.29740889414591,0.3948628791208799,0.4284595990514928,0.5602483718077078,-2.5503623188405813,0.05037620732506687,1
2021Q4,0.9234257816469886,13.78546878911313,2.100786327438544,13.173411941847949,0.6892119409102243,12.62116459983275,-0.19911095482573532,13.289481613855878,2.9434650787857546,12.870393305664788,2.3013618760617,4.771249436680623,,,-3.2225188325599294,4.897093252697127,-0.6136998365647872,0.28846153846153844,-0.40399557027880983,0.28846153846153844,-3.921073549561366,2.3000592904541346,7.151715531318621,4.377127936872373,-0.0025131208791204784,1.1672905668153433,1.2990793395715583,-2.650362318840582,0.04942488332752298,1
2022Q1,0.21735007705034604,13.793872126610516,-2.7176538122865113,13.154158512140722,1.1474447799964387,12.640902362268243,-0.5944903513841393,13.28696044607432,-1.6963121498646334,12.862348351314214,0.4575497272613611,4.778282803696736,,,3.2269374248122364,4.942356453342962,-0.5559324086801718,0.51953125,-0.34622814239419447,0.51953125,-0.9502520825608043,2.2950234507014247,22.85259698635914,4.6138557941492415,-0.3722291208791204,0.6644510902822931,0.7962398630385081,-2.7170289855072483,0.04879016416943205,0
2022Q2,0.8427281874210573,13.80852924521161,2.1378737673555603,13.183460358229915,-2.5630184831814824,12.623535492071955,1.0697602168663412,13.301081783975265,5.9723255716635375,12.930989774178922,7.173739495372752,4.802106645133127,,,2.6199433460485135,4.981549713201159,,,,,,,11.269451011760342,4.734752191680122,-0.4635251208791207,0.8962470055294458,1.0280357782856608,-2.9170289855072484,0.04688358589885046,0
2022Q3,-0.1870959554551439,13.81288812238394,-1.2322225882814708,13.179061240762739,-0.2915690743174032,12.628883115964308,6.666135845821549,13.371166878165763,1.7243471849811325,12.957151413176806,6.737963996897131,4.824841047823329,,,-3.099985303646614,4.963543686562405,-0.30323946360441423,1.5303030303030303,-0.09345943974267934,1.5306060606060605,0.8643027048929328,2.308133158823252,-13.072759742018306,4.612226481673216,-0.4935291208791206,0.8408096641789997,0.9725984369352147,-3.317028985507249,0.04305948946044701,0
2022Q4,0.10985086702073033,13.82021646778103,2.3115142530039234,13.210099491708416,-1.8758857300337035,12.618387573299499,-6.624904002955248,13.308341573868493,2.168754128213555,12.987757121607014,1.902960211605484,4.835487941050301,,,-5.364113317186826,4.922896379788249,-0.0744870961801718,2.4453125,0.13541248260580557,2.44609375,2.834035734486112,2.3409401972410113,-13.490187727816775,4.485526491808325,-0.3179431208791206,0.3002447923098084,0.4320335650660234,-3.5503623188405813,0.0408219945202552,0
2023Q1,-0.6195001653533956,13.820251302854379,-3.428758587086098,13.183735014253193,-0.548958950553628,12.62116129842949,0.11423914636928484,13.312907701064468,-7.186081800348811,12.924814470751599,0.3882770071376691,4.842348126266105,,,0.5752216423343215,4.941642422609304,0.007454009589058952,2.773076923076923,0.21715827587503628,2.773076923076923,5.1590928945650925,2.3969978072595604,-9.846551249275684,4.395262866728845,0.04508087912087966,0.3458708798131538,0.4776596525693688,-3.6170289855072477,0.04018178963283176,0
2023Q2,-0.4278026805884656,13.822203112775377,-1.6818051370441767,13.174840071298389,-3.5172058106963484,12.594252554958054,0.369849177991951,13.32002992857667,1.3527070969175252,12.947259708868847,6.691774394509261,4.864967054950337,,,2.553983760453148,4.980176086611547,,,,,,,-4.691192252511127,4.356552831617011,-0.30566212087912037,-0.12173890609304852,0.01004986666316654,-3.8170289855072483,0.03825871211709027,0
2023Q3,-0.5819675650979212,13.82261327385128,-1.3991520189489437,13.168771659524538,1.3903283936241144,12.616419153529822,1.6662761720595742,13.340116426029548,-4.18206998978903,12.91435717611903,-0.7139271495306381,4.869071729774469,,,-4.22846233187777,4.950885289690482,0.28726170189675126,3.8923076923076922,0.49700442972119013,3.8924615384615384,3.2538804527774188,2.4340032928602326,9.713852608215298,4.4618932451124405,-0.16419312087912052,-0.19856528358814243,-0.06677651083192737,-4.017028985507247,0.036331929247390204,0
2023Q4,-0.5732506269337441,13.823110604308825,-0.5044207043840431,13.171650560896335,-1.9863904476160195,12.60481856368919,0.23139066967360006,13.345854068458566,0.43740068932222964,12.927649350160324,1.9223185675153993,4.879767018891217,,,-4.828737067883205,4.915591745409362,0.3856133502483996,4.285714285714286,0.595317616534377,4.285714285714286,1.7534375000340772,2.4560043489334715,-3.913095225333067,4.430964180272387,0.1323038791208795,-0.3723326412961725,-0.24054386853995746,-4.317028985507248,0.03343477608623742,0
2024Q1,-0.6315189242748238,13.82302525179296,-0.5430315968774168,13.174143353343199,-6.753436572622421,12.545547512598493,1.6179191934435255,13.365456996125284,-0.5604383543227361,12.93096313376517,-0.2337761873062809,4.88507207112091,,,2.5126574889560818,4.953712146696635,0.4391847788198282,4.5,0.6488890451058056,4.5,-2.5866796135264716,2.434604233871105,-2.129360863864897,4.417872459047015,0.30997987912087943,-0.2709029978184241,-0.13911422506220905,-4.550362318840582,0.031175617468449796,0
2024Q2,-0.4096225505621638,13.82515886301422,1.078706565130818,13.192853527410145,3.6087813800835327,12.589898641034855,4.500682763348748,13.413887559491053,3.037464115071307,12.970255942063956,1.7550299278360577,4.895349138638459,,,2.8477216442987388,4.995183189537334,0.4391847788198282,4.5,0.6488890451058056,4.5,0.8914398319148029,2.447985313263151,1.2829860649957354,4.438904207110249,0.37766087912087976,-0.4033221763370254,-0.27153340358081035,-4.550362318840582,0.031175617468449796,0
2024Q3,0.2881785233555172,13.834270484974658,-0.31629389949018083,13.197613696830881,2.174401986069481,12.619905975531077,-4.248947750281432,13.374821817720521,1.7004536927940332,12.996178646139969,-1.8573546470845108,4.896595244718707,,,-2.5255560406306063,4.98292145552874,0.4391847788198282,4.5,0.6488890451058056,4.5,1.2467988494239188,2.4649199828302883,-6.5016000324781205,4.382090094198745,0.1992988791208794,-0.33935685665487214,-0.2075680838986571,-4.2503623188405815,0.03407931365286258,0
2024Q4,-0.8053003824720213,13.83244731787682,-1.0099561620319308,13.1954372436262,-0.6664704161083485,12.621504586005521,1.4578454978822453,13.392824008431626,-0.21432940986283644,13.002953519189413,0.3251115538978362,4.903297516301411,,,-3.3070651666545334,4.962844630259907,0.4391847788198282,4.5,0.6488890451058056,4.5,-0.4807715746706967,2.4645789481564795,-7.739983001403876,4.312892151597983,0.4584858791208797,-0.18317833968693023,-0.05138956693071517,-3.917028985507248,0.03729578474369693,0
2025Q1,0.20458807977947457,13.840723035401497,0.11266433626399242,13.204486995404478,-6.36041528910272,12.566163747750021,-1.7987122307305736,13.378260621856603,-2.277230873889737,12.989099377598588,1.5831810833058264,4.913144961707634,,,4.0778909116184305,5.016617365773803,0.4391847788198282,4.5,0.6488890451058056,4.5,-1.3615061559352162,2.4554305676700254,0.7987980365970444,4.32908201937723,0.42225187912087936,-0.44703994278658343,-0.3152511700303684,-3.7170289855072483,0.03922071315328133,0
2025Q2,-0.10780111826880501,13.845874860945692,-0.2418706256309776,13.209991397563806,2.2355703164234035,12.596782765549783,0.2957126725325298,13.38464148431421,-1.1519710549482216,12.986497834197179,1.6417986556606174,4.923138951044745,,,0.993544541916046,5.039546637590676,,,,,,,-11.679067005244296,4.220493236738064,1.0965488791208795,-0.31368730944944967,-0.18189853669323464,-3.483695652173915,0.04146178980759454,0
2025Q3,-0.5119697748556169,13.846984999924018,0.4936533994702642,13.222851039974147,-0.7255723807945408,12.597790356377365,3.4247182152598996,13.422312402199092,0.1588213894560634,12.997004215239812,0.6404716124793404,4.930629622773902,,,-2.079620668189742,5.0317442573064906,0.36910902124407063,4.21969696969697,0.578813287530048,4.21969696969697,0.7881096074174474,2.467778344817098,0.5863897888379228,4.23455902203972,0.8460528791208795,-0.03891444458880791,0.09287432816740715,-3.383695652173915,0.042420715883952055,0
2025Q4,-0.20225125334556737,13.851192324117445,0.2377189411794901,13.23315133780158,6.1259318092860635,12.667312989105753,3.239637183142959,13.458132509762804,2.61245258583571,13.032046908246242,-1.1059462846252948,4.933754249760298,,,-2.4152458754779236,5.020585624949423,0.3141847788198282,4.0,0.5238890451058056,4.0,-0.8790649029919608,2.4634543768600765,-8.929530620612717,4.15346560324687,,-0.030143626106319293,0.10164514664989577,-3.150362318840582,0.04465464054043148,0
2026Q1,,,,,,,,,,,,,,,2.0753698014839497,5.054333149361975,0.3141847788198282,4.0,0.5238890451058056,4.0,-3.5889571239565656,2.432031486693409,22.93169189541516,4.3909844096142985,,,,,,0
2026Q2,,,,,,,,,,,,,,,,,,,,,,,,,,,,,,0
