kvartal,dy_obs,dc_obs,dinv_obs,dx_obs,dm_obs,pi_obs,dw_obs,i_R_obs,i_3m_obs,ds_obs,dpO_obs,dyS_obs,dh_obs,db_obs
2001-06-30,-0.013538684597808343,-0.00030138113006476265,-0.058163344910722795,-0.019906701682120526,-0.005870128290383596,0.022504992646787875,0.01371803319232133,0.011418118886390698,0.011410327515909697,-0.02716601521184776,0.045157270003506875,0.005543762330509014,0.004645267415383653,0.0041589637684621445
2001-09-30,-0.010070578196950637,-0.004332841670516211,0.03145320056718841,0.027932089826335188,-0.015182595665485315,-0.0648543579521533,0.014945996327848307,0.011418118886390698,0.011410327515909697,-0.004058184975801637,-0.08571364485096779,0.0038507747715364146,0.0047373270506954335,0.004336995863201911
2001-12-31,0.007003115815933752,0.004149086527918974,-0.15465279147702501,0.0012278029219659741,-0.0007649754687416733,-0.008297489848899525,0.014568506822938518,0.011203275136390696,0.011195483765909698,-0.008653723491601272,-0.27581629408772057,-0.0008122081840964856,0.0032023792894482483,0.0033782782559627095
2002-03-31,-0.0017542882204822537,0.006043049741590386,0.1388548988473486,-0.027003504389323224,-0.00999247464476584,-0.003236470611614445,0.01321128708027662,0.010168118886390697,0.010160327515909699,-0.023520197827649535,0.07495995607771909,-0.0022069294856539856,0.0003889713380296478,0.00155451151084607
2002-06-30,0.002344375743652021,-0.011545616035798326,0.033885559792880035,0.0014306954180339487,0.010238442419528633,5.148806176827336e-05,0.011879044314837203,0.010168118886390697,0.010160327515909699,-0.042577310691943995,0.16338033533707605,-0.0009148894048501855,-0.003392838174926166,-0.0008477984734721594
2002-09-30,-0.0029402633158693466,0.008967431000161915,-0.03015490885753476,-0.0013461071263373443,-0.029367723403313964,-0.027150811933590896,0.010732865267242361,0.011361300704572495,0.011353509334091521,-0.019340183822360756,0.058224621445336674,-0.0022890658047210856,-0.00813649914148315,-0.0038086129581659228
2002-12-31,-0.013697787238768983,0.0077520472626595085,-0.041601856414145114,-0.0009004894359931088,0.002083486690039089,0.023479895497829167,0.008263254137587425,0.011183743886390696,0.011175952515909698,-0.01454312689324051,-0.015658120390329336,-0.006245332060554986,-0.012103864934017022,-0.006435993546651473
2003-03-31,0.0021855741013786893,-0.0067421696061149925,-0.01982958367783834,-0.015352846218790546,-0.00949252657452883,0.08869245769677683,0.005312372939089913,0.00885859507686687,0.008850803706385897,0.030038101005716956,0.1537849516314905,-0.009112484831221485,-0.012222008445240878,-0.006801967773235716
2003-06-30,-0.002765035215848217,-0.002748192558414112,-0.024795556919558773,0.014277633754556788,-0.0061344433838083235,-0.09118005169306506,0.0027145167250980234,0.006659346956566122,0.006651555586085147,0.04608323520403283,-0.19530448994684405,-0.012354259546708886,-0.008190453333400044,-0.004642820327530493
2003-09-30,0.007245984300517632,0.0057854298650336835,0.012709423918627213,-0.024875735975381202,0.0066016392612401175,-0.04037632687600343,0.0005402834085211777,0.002421906765178572,0.002414115394697573,0.0321138427056538,0.07265841261037052,-0.007143425901524886,-8.797781080402411e-05,1.24165437076669e-06
2003-12-31,-0.009461313734904737,0.0051907872471161545,-0.020113913629842453,0.014142680360466812,-0.0038301328950513126,-0.003824509977220808,-0.002287196987148646,0.00010763501542294766,9.984364494197186e-05,-0.006698972501930366,0.023846473021923317,-0.006805112457737386,0.00851647800578495,0.004881167104755392
2004-03-31,0.028388208386150564,0.022616510949505973,0.06915346206767463,0.010899225792221216,0.03918548617025307,-0.017135587978365757,-0.004608348076417981,-0.0010330529886093025,-0.0010408443590903026,0.04475966076525299,0.07434013856225051,-0.005304576940671986,0.013152963202529594,0.0074309431138756005
2004-06-30,0.0005169787875480107,0.004332578672590478,0.012085269372542659,-0.0043952429356361195,0.013362014048472355,-0.0006652584021363539,-0.006408955820096721,-0.001706881113609302,-0.001714672484090303,-0.047354905454427956,0.09152594455427031,-0.004703101525569486,0.013609388657509075,0.007524737612495948
2004-09-30,0.006880199328543595,-0.004933767342087983,0.03300909547444224,-0.009455602554049676,0.019799789473338034,-0.025403181127149205,-0.007244527813793936,-0.001706881113609302,-0.001714672484090303,0.011504119891903298,0.14581500429154345,-0.006176195396222786,0.01078869926241846,0.005748766776071947
2004-12-31,0.00284285798245058,-0.0036103632479918355,0.07908494876893517,-0.01709647973464304,-0.006450217570267773,-0.002424722145963537,-0.007885742347924732,-0.001706881113609302,-0.001714672484090303,-0.026799845300370783,0.051382583806889856,-0.006533530785260386,0.006657930848978505,0.0032061842745946274
2005-03-31,0.00629050295661308,0.02236877654338084,-0.04436837670067657,0.00855456053766676,0.01175263703190131,-0.02703276853075884,-0.007850302646962418,-0.001706881113609302,-0.001714672484090303,0.0013897067008244342,0.0740765742547632,-0.006632865381214486,0.004956390785904069,0.0021888042068466413
2005-06-30,0.017632244626602327,0.004814647822218595,0.013487341355636492,0.003345149117568084,0.012563225822861719,0.02022523265070611,-0.006573035767070037,-0.001706881113609302,-0.001714672484090303,-0.027520494227791303,0.06545107486480593,-0.006328850265649886,0.006218078750184236,0.00307354367340318
2005-09-30,-0.00522135751942095,0.009728033107675635,0.01391279283340889,0.007136322891261841,0.03082635436516311,-0.015665851618397036,-0.003931800905854557,-0.0010818811136093023,-0.0010896724840903024,-0.024281180857903272,0.1661303242928379,-0.0016425409608320854,0.010294772718213469,0.005783683540342978
2005-12-31,0.01031975484322693,-0.018147735605163397,0.05895771363601536,-0.00626753514937964,0.0008443115612103268,0.0004208916132210361,-0.0013366660671335767,-0.0006814904886093022,-0.0006892818590903032,-0.004105601501078037,-0.08971206721080884,-0.0014586588235765857,0.015057974904741062,0.008901118336130389
2006-03-31,0.01220898697968124,0.027534965054901016,-0.007714362698307124,-0.004295071491902476,0.011860398815589741,-0.010922154398688017,0.001025340629687052,-0.0003511118828400774,-0.0003589032533210775,0.014423002468440239,0.07319170796623196,0.005406672615481114,0.018681648406340595,0.011311523106773415
2006-06-30,0.004865495208532449,0.010056488932997673,0.04735037729760254,-0.006470004563881389,0.016540884968215916,0.025595753900486434,0.0038462067212515633,0.00039441198983897283,0.0003866206193579719,-0.02764429612164516,0.10743315311563083,0.012141682259431614,0.021616880706192748,0.013354749095841336
2006-09-30,-0.0006041017566716551,0.0019307433836370427,-0.028522914543970226,-0.013003702876872055,0.0030581682772571183,-0.022176140434545383,0.007373017371956267,0.0011008111940829972,0.0010930198236020223,0.0249257014681195,-0.0065338951385739575,0.012482972312317915,0.024084620047778255,0.0151880737658624
2006-12-31,0.019098851554172496,-0.003110877316760999,0.04386855533520499,-0.003803477717814559,0.03880602065375603,0.009319459882615538,0.010254963446739582,0.0019141506324224225,0.0019063592619414475,0.022101855032128626,-0.16791834162699618,0.017522345991663215,0.023647657244671133,0.01521409069147628
2007-03-31,0.017396077529839998,0.021282027334185792,0.056478613376343564,0.009710854768757741,0.02661939267216594,-0.0679225925578418,0.012981584536535182,0.0032345251363906967,0.0032267337659096975,-0.016140581216406335,-0.039156745828389364,0.019544150898816615,0.019175965434447245,0.012803737714321863
2007-06-30,-0.0028697128977324855,0.0019862677187454016,0.017299707539830497,-0.005445303517402607,0.0006994363665161329,-0.0016149099184051552,0.016531434620786642,0.004172356174526273,0.004164564804045296,-0.011595164052261086,0.1605267747731328,0.024293408324757914,0.011533485703141305,0.008573234883963445
2007-09-30,0.015390502427120294,0.004408133048231696,0.012873870500847137,0.007032179704872547,-0.015186925187898785,-0.028492768269181207,0.0211315398064814,0.0054950419633137725,0.0054872505928327715,-0.027085401022961263,0.07591835970282378,0.026416721807772714,0.0009063061350125523,0.002656937661656202
2007-12-31,-0.0005846538164907163,0.00012211723659479555,0.062457476988224944,0.0013465925926366678,0.030512694245813474,0.05752644171600743,0.023580221928738085,0.006517325235597047,0.006509533865116048,-0.008959851668621076,0.15640447939994226,0.031219173725640915,-0.010376113071967258,-0.0038676456503067263
2008-03-31,-0.004947345544192034,0.0026816826641020333,-0.027890296298407516,0.016481012732971395,0.015395572201627112,0.01627302097898245,0.023102739507904077,0.007043118886390697,0.007035327515909698,0.006328618290849342,0.08258444006659459,0.030903427415004014,-0.017575059550089617,-0.008234761779264075
2008-06-30,0.0063495468455289465,-0.006696001593613979,-0.023841541584781648,-0.007057640187896482,-0.01507816186384327,-0.013048594964547883,0.019675562132070654,0.0075292299975017974,0.0075214386270208225,-0.0054460343396908854,0.21422579907271108,0.024368321520010415,-0.02032595525494904,-0.010228016939761829
2008-09-30,-0.002851348792390313,-0.024164287314119938,-0.00466326591008777,-0.025293196422280145,0.0007255081293501119,0.027855513296217188,0.014345798948847674,0.008293118886390699,0.008285327515909697,0.011125831559058153,-0.06532205579100826,0.015359597168110415,-0.018772090951462123,-0.009828674675992686
2008-12-31,-0.025814252578198877,-0.016847634155123394,-0.014170507584580785,-0.0009155756100222307,-0.023041138870962943,0.013772662810986352,0.007295214708945438,0.005941928410200197,0.005934137039719222,0.09752370934437175,-0.744372267674838,-0.008934857972772886,-0.014266279413541721,-0.007830246177230491
2009-03-31,-0.010184751765605144,-0.0034069189275350107,-0.10643502261154066,-0.023419094335144136,-0.11538314349276847,-0.026747642808394895,0.0016378429963404967,0.0005649442832160725,0.0005571529127350976,-0.0005563983016624967,-0.2218968274555441,-0.03335700256823509,-0.00943032636282612,-0.005494411518061624
2009-06-30,-0.004747913312620328,0.010012983406324913,-0.0319251949525869,-0.02614397600209753,-0.0049539995172703955,0.013451464601839908,-0.0017031100794587944,-0.0019611184017449025,-0.0019689097722258775,-0.01521585933531817,0.2694388204980581,-0.03477244584405089,-0.004561142913214827,-0.0029069967558742454
2009-09-30,-0.008545188801331777,0.0027506015517335305,-0.020163201222381313,0.010132132416940635,0.005790180972556109,-0.023758106047413102,-0.0027954259870751758,-0.0029568811136093023,-0.0029646724840903024,-0.015665328155070223,0.13604313644961072,-0.03391405337212039,0.0004413449740528208,-1.4735614276005157e-05
2009-12-31,-7.055770919180485e-05,-0.0016815130210794758,0.06788843219592326,-0.004733500729805414,0.001967767002540961,-0.0015973845449504809,-0.003228747913099808,-0.0024393029886093025,-0.002447094359090303,-0.04402824634675735,0.08011397866352797,-0.029432739943532186,0.004575809916116863,0.002422611158359957
2010-03-31,0.0130997076757761,0.01693489376063436,-0.13637722334045696,0.02310041402277871,0.024243455264287714,0.033291681634843334,-0.0031275618871026284,-0.001706881113609302,-0.001714672484090303,-0.039158544410547516,0.014503868874053178,-0.022855744898389086,0.0069761569620570285,0.003872937988523952
2010-06-30,-0.008399052154105819,-0.009517137923131394,0.0009129369970606723,-0.021575124150762376,0.03861547290951327,-0.000586426476278129,-0.0019389627988791874,-0.0013149319610669527,-0.0013227233315479276,-0.027630633453041575,0.01670929194115099,-0.009188833978007585,0.00804778048035762,0.004634772008326295
2010-09-30,-0.002319966886984732,0.000672668725403688,0.0026260935610300925,-0.02129393528302917,-0.009142767534245826,-0.052743740130480526,0.00045493061900946097,-0.0010818811136093023,-0.0010896724840903024,0.002048972032142427,-0.03148447231383224,-0.0013868081291086858,0.008034171825131803,0.004865996156980025
2010-12-31,-0.0074396624441455846,-0.002125254159153692,0.021010732387860817,0.008450432056064187,-0.015873040375535954,0.01532308053731804,0.0021224616201843544,-0.0010818811136093023,-0.0010896724840903024,0.008469907916279152,0.10906384032478754,0.0014949917928487144,0.0069095758912243455,0.004357991696754106
2011-03-31,0.007046434805333773,0.006201363713223848,0.039002447843264496,-0.002857269329905961,0.056143336939499786,-0.002210199745561775,0.002473137836793357,-0.0010818811136093023,-0.0010896724840903024,-0.03268104576466575,0.18759398794338375,0.007358304390051614,0.005809764250900545,0.0037331723342187723
2011-06-30,0.0007989390824575775,-0.002216728730077869,-0.026467406330262302,-0.008334009233052527,-0.06961413996180989,0.0019470877347028959,0.0022125007005358993,-0.0007428980627618527,-0.0007506894332428276,-0.0035400340359738706,0.0940134435204004,0.007026537620452614,0.005175715442457235,0.003326679335528106
2011-09-30,-0.0017752776130689103,-0.0046333583404259224,-0.003053424868051561,0.01721989263449561,0.008039931957209185,-0.050896221213288934,0.0015486303374624283,-0.00045688111360930265,-0.00046467248409030274,-0.011364539472667533,-0.04284753539402954,0.008469826637014516,0.005018861694067428,0.003166180050186875
2011-12-31,-1.5843823563416876e-05,0.001935225690674577,0.005911154207641363,-0.019814565382545807,0.031222896271603115,-0.01088025553952185,-0.00011551581634829111,-0.0006717248636093024,-0.0006795162340903025,-0.004353982501674913,-0.04429807239333784,3.380853388433179e-05,0.0044814785728939655,0.00267733556210137
2012-03-31,0.017447673126948542,0.011656047798172827,0.016998571178916497,0.031181309108693073,-0.004475276795051235,-0.002386728405432942,-0.0009737366680985376,-0.0018222657289939277,-0.0018300570994749027,-0.02630022607249023,0.07145479487670069,0.0026016333800756145,0.0035635093765793713,0.002040731959138122
2012-06-30,-0.0037396525343301353,0.0007910786690387885,-0.00035394646522686566,0.0011595211774656205,0.00933765891040293,-0.015241424334589831,-0.0009309587780007705,-0.0023318811136093026,-0.0023396724840903027,-0.007511662553076181,-0.10690992171999526,0.00015689724611509957,0.0022462302795563105,0.0012546422899329963
2012-09-30,-6.640963090383603e-05,-0.0019465548723403368,0.05364064667749861,-0.02510957234259284,-0.013238490079717684,-0.05221784901496526,0.0004991520978579883,-0.0023318811136093026,-0.0023396724840903027,-0.026058768556813838,0.007251273580084134,0.0010149665932369144,0.0007648962868347653,0.0005088529818871885
2012-12-31,0.00032884238716938616,-0.006322472141095084,0.026278319277206738,-0.005002200897086169,-0.010079969668853954,0.023092473914655548,0.0013280671366176916,-0.0023318811136093026,-0.0023396724840903027,-0.007064807323421584,-0.005306492191440431,-0.006919286147105086,-0.0011360352071503044,-0.0005488144106285935
2013-03-31,0.0052132577746170465,0.017109106435096742,-0.06572075200493739,-0.015863385784475353,0.027950576376219213,-0.0012386939991305412,0.0006326721758990045,-0.0023318811136093026,-0.0023396724840903027,0.004603068436094527,0.01059305217735594,-0.008197551940690585,-0.0030385253907349863,-0.0017598480168509161
2013-06-30,-0.00574448114067579,-0.004660370871230094,0.03551340042915445,0.00971734526196552,0.00588973152679882,0.012567676265551248,-0.000943020309461487,-0.0023318811136093026,-0.0023396724840903027,0.021228255083640058,-0.10198881905205849,-0.006205708494275386,-0.004747066381532744,-0.002942541859865975
2013-09-30,0.002434064689110043,-0.0019187928631616922,-0.007923275336086458,0.003140630852650787,0.0053563216699100535,-0.011260265642362904,-0.003234520741320593,-0.0023318811136093026,-0.0023396724840903027,0.03683226308582581,0.062029512302685594,-0.004985613198814086,-0.006278082155529913,-0.004090301367449476
2013-12-31,0.0005566704637870838,-0.0060828015944736444,0.011098005878545966,-0.015441760699265757,-0.008723064136956131,-0.004394306129590214,-0.006528137734620812,-0.0023318811136093026,-0.0028860329709922278,0.03395875002342823,-0.01916661001692245,-0.0036829261252063856,-0.007423832880232933,-0.005107113501602199
2014-03-31,-0.001267947929067221,0.00779924329817124,-0.024038449342493176,0.03026411910264723,-0.024420089394360592,-0.008609181071882327,-0.009004887966861289,-0.0023318811136093026,-0.002861032970992253,0.009851109360943511,-0.020011392908472106,-0.0039275072743585855,-0.007410521556856925,-0.005346801730800819
2014-06-30,0.0021466466199377247,-0.00023959605582572242,0.013464990904310345,-0.004208917449245149,0.022022333269789182,0.0036392613348862624,-0.010007505173754608,-0.0023318811136093026,-0.002602699637658903,-0.020661715241125655,0.004217534096991311,-0.0034688489659276856,-0.006094278470011066,-0.004657317599381925
2014-09-30,-0.003773566852793026,-0.00643662829349804,-0.013304167748790799,0.004887525301415422,0.030715656455691284,-0.0006169831410854643,-0.00953999325289824,-0.0023318811136093026,-0.002877699637658903,0.004617446674249504,-0.08373795916260098,-0.0005342026919619857,-0.003469571282837397,-0.0030357420949919094
2014-12-31,-0.0004120521837941045,-0.0015108226591458527,-0.009331042650229729,0.019387049371058923,-0.05162346959510801,-0.00885546391521394,-0.009503235279031755,-0.0024410080977363023,-0.003202699637658903,0.032303703132637904,-0.2976584645241952,-0.0012755825835917855,-0.0005709257447876481,-0.0012928789747755891
2015-03-31,0.0007949531844263884,0.014507725829057313,-0.011865351680439853,0.007357762700268637,0.022274445419211072,-0.011606197967104132,-0.010885825165769872,-0.0029568811136093023,-0.0036693663043255776,0.013967956540979643,-0.3578383697418682,-0.0006601531507337856,0.0015147704455853728,-0.00017972024922629885
2015-06-30,-0.0031580846523802837,-0.002815472794742072,0.004954824119918474,-0.0038133238335719428,-0.010231714636423155,0.013813454987495893,-0.013296715221185265,-0.0030416268763211775,-0.003544366304325578,-0.022725974691337924,0.12289830446042248,0.0033478710466930146,0.002972818824055007,0.00045401977231429753
2015-09-30,-0.004298553012128965,-0.004235396762693392,-0.007214905604669934,0.020242180819396965,-0.016917825342585804,-0.009093866993932304,-0.01664509945650873,-0.0036197599014881027,-0.004202699637658903,0.06076137271662389,-0.21064226846158132,0.0013855872719961142,0.003950010231447837,0.0007054961932174714
2015-12-31,-0.007083302758284022,-0.004782954790030694,0.003147971908264143,-0.01101585687703502,0.007047797663768713,0.010690599749957036,-0.020493063348597032,-0.0042068811136093025,-0.004302699637658903,0.01770522829577308,-0.15684657492727797,0.0020890449979916147,0.004073196042090582,0.00039461129039553185
2016-03-31,-0.001642660798934232,0.007573299252978635,0.047858839154214114,-0.011429225031734632,-0.006698909772985167,0.014318662685191802,-0.022573014452988885,-0.004278602425084727,-0.004452699637658902,0.016523139051792857,-0.2623772263115026,0.0007761720429585143,0.003870024811492928,6.471344159686594e-05
2016-06-30,-0.004415418387850496,-0.016158826629858715,0.023890110468149747,-0.018755610368433123,-0.02004606884164696,0.025593169321926373,-0.02271479221585916,-0.004831881113609302,-0.004661032970992228,-0.02556245410328035,0.28742334409536163,-6.11755295319856e-05,0.0033947077453313768,-0.00023465457438709252
2016-09-30,-0.0017969228587074344,-0.011266746318948898,0.013725115887952374,0.009183535646656608,0.037996289599690466,0.01094090672728179,-0.0207509512322316,-0.004831881113609302,-0.004411032970992228,-0.007122460283321263,-0.004906904011090412,-0.0006078555328912856,0.0028897101123966096,-0.0003412690557850189
2016-12-31,-0.007832969722834166,0.013632648989746662,-0.014705790401185762,0.028545291095593756,-0.0234272508950958,-0.005883834363902801,-0.018146207853207655,-0.004831881113609302,-0.004294366304325578,-0.031254013423096264,0.05854511694589047,0.00033074278453581443,0.0017020963785650267,-0.0007933629581821072
2017-03-31,0.007201767501493633,0.008548196290515583,0.06143554327272209,-0.03769336317583108,-0.007313794933547462,-0.023758106047413102,-0.016242267382638245,-0.004831881113609302,-0.004611032970992228,-0.00893568142309915,0.07852841863060799,0.004803744437778714,-0.00023703445738074147,-0.0017664474126922718
2017-06-30,0.00491483674063346,-0.011097366266732004,-0.032055093847342245,0.04767462809659992,0.0003270124723603173,0.00669889389356762,-0.014768822136102769,-0.004831881113609302,-0.004894366304325578,0.03891740582212737,-0.08841591374108083,0.0067859384302185145,-0.0026935393887428105,-0.003093005846855788
2017-09-30,0.0009082014121374708,-0.002518122248389468,0.0026128430294692214,0.005785932407246534,-0.0024019349019620707,-0.012396255264807005,-0.013554580731179114,-0.004831881113609302,-0.005144366304325578,-0.007199743500416477,0.0400557666847373,0.009234067917223815,-0.0056670705565635415,-0.004755700407055861
2017-12-31,8.257800113390876e-05,0.013116507741628388,-0.0022684279998783233,-0.06884924738254786,0.018290154715807513,-0.012428436789267389,-0.012933210687476118,-0.004831881113609302,-0.005177699637658902,0.023413339184833504,0.15416669735907415,0.013384055161190416,-0.008674074944505311,-0.006497766035451156
2018-03-31,-0.0017759602568912687,-0.006235685769455693,-0.005726150286015933,0.001517255225506801,-0.037539365440372965,0.002553656798291476,-0.01199862153084065,-0.004831881113609302,-0.004619366304325578,-0.0007878294437293036,0.07526702448371046,0.011156882031218314,-0.010388080086466606,-0.007432710204964386
2018-06-30,0.00012425054093682594,-5.335846770119536e-05,0.0041111307300523555,0.022754209800008057,0.02285793812567581,0.022183730661453543,-0.010178190482667118,-0.004831881113609302,-0.004561032970992227,-0.012097675889074466,0.09856743171997372,0.012835612330311516,-0.010670532206272537,-0.007420138372029704
2018-09-30,-0.0019743962009127376,-0.010273182323471667,0.006766815208075801,0.015434856484628582,-0.009188470678634835,0.021662053602345216,-0.007356207889754343,-0.004774188805917002,-0.004502699637658903,-0.0011162531602845853,-0.0028637300702286806,0.010163957777605814,-0.009566987439666857,-0.006475813252775018
2018-12-31,0.002101515165318018,0.002672968018808638,-0.006697893395348057,-0.0392431413887179,-0.01684891176053961,-0.009137316086444608,-0.005249481883568122,-0.0042068811136093025,-0.004094366304325577,0.0008456908099490519,-0.0977777103190939,0.013200869820782614,-0.007940000509373019,-0.005288948493981869
2019-03-31,-0.0005609666981794721,0.003088880678633962,0.042975161028587824,0.02897964973298936,0.033324832613639596,-0.0116148058893156,-0.004626085708669861,-0.004147357304085502,-0.003886032970992228,0.00880256762360503,-0.0960335962558493,0.016018673816075513,-0.0069176276213797905,-0.004613185143694685
2019-06-30,0.004824493872522522,-0.012300668590361533,0.008956809168964061,0.01189018186675969,0.0049185712000213554,0.0004184559181585057,-0.004916671786248897,-0.0035172259411955275,-0.003427699637658903,-0.0062597212558721076,0.07992433554365884,0.019666461872779813,-0.006502976037083802,-0.004393452800874107
2019-09-30,0.002833419797580488,0.0009003466703596166,0.014994203368367029,-0.04220995065842584,0.010414897201946311,-0.009322000152589632,-0.005934096832520011,-0.0028905932348214274,-0.002902699637658903,0.009560401237962247,-0.11840946598998227,0.019825811782610715,-0.0065957454016749295,-0.004550856924257494
2019-12-31,-0.007230131718358807,-0.008240780219054536,-0.03421244115174123,0.042328486938914084,-0.027769862618535104,-0.010570622200777174,-0.00791922055987139,-0.0023318811136093026,-0.0024943663043255774,0.021036232844089665,0.01108499104053094,0.021082466901817316,-0.006407378349840148,-0.004636349065891941
2020-03-31,-0.032703305013436504,-0.014713857550356516,-0.008877588948314322,-0.009628275407558647,-0.010717505518671138,-0.029747027663272613,-0.009015770082574717,-0.0027713342386093023,-0.003311032970992228,0.03242866003683957,-0.23990553778640047,-0.0020099688599657856,-0.004410772029292492,-0.0035480402258324367
2020-06-30,-0.05717748230769011,-0.12469819597704128,-0.028841422831174593,-0.0767641731209329,-0.2010063956675491,0.00014396686723153196,-0.00910429388890445,-0.005838237045812702,-0.006219366304325577,0.04706088047522998,-0.5364240256467702,-0.12055634935649108,-0.000504007864284145,-0.0012128341074607567
2020-09-30,0.038696566110210925,0.07768922571051635,-0.003494857900182961,0.028694194134209455,0.0858907901410547,0.007102581155280424,-0.007788586716733006,-0.0060818811136093024,-0.006527699637658903,-0.0349571623612583,0.35801162509468,-0.028175326659041284,0.005340823678256196,0.0024256355352804144
2020-12-31,0.004510237130201416,-0.0081732643603765,-0.01203697570911029,-0.012591358906744262,-0.014034288774856256,-0.02139403978474838,-0.006291617674628283,-0.0060818811136093024,-0.0060860329709922275,0.004552835037257719,0.022164397841624703,-0.021557597943329183,0.010708051205585295,0.005795668955888346
2021-03-31,-0.004243182363055171,-0.020783706129794445,0.04010374070895199,0.022583369860325136,-0.06195273084690024,0.03605828498367139,-0.004925078864954982,-0.0060818811136093024,-0.006069366304325578,-0.051446093684897234,0.3101192579195692,-0.018190412113996985,0.012969919743583108,0.007289443959653476
2021-06-30,0.008479689999663902,0.009257782355920305,-0.023963122502151005,0.06105635294068232,0.046498509142461994,-0.005175029650721891,-0.003117972436688446,-0.0060818811136093024,-0.006569366304325578,-0.02004205974212576,0.1123010407930166,0.0006256056113186144,0.012598370989357593,0.007247225349946597
2021-09-30,0.0181461331765788,0.06310215729933862,0.0012295567367706503,-0.007102245177349616,0.03945544487518125,0.03262136895797277,-0.0006847341093750986,-0.006034532628760828,-0.006069366304325578,0.01933130458544934,0.05353301983402768,0.005395983810918814,0.009973274737789889,0.005915491431736421
2021-12-31,0.009519465976342827,0.021065570278242483,-0.012458443991351056,-0.001359322157531125,0.030914238662114055,0.022813483505040116,0.0011575070568087126,-0.005360727267455477,-0.005052699637658902,-0.03845173496763561,0.06968591763273145,0.014314907656742214,0.005330876695860215,0.0033142767231971754
2022-03-31,0.0024587089303764013,-0.02711883111900807,0.017015885266271444,-0.005313116123115165,-0.015483533624389827,0.00437536201704028,0.0027165723328105157,-0.004783052988609302,-0.004127699637658903,-0.008743520297629991,0.2266947321831366,0.012792415223996515,0.00041792765519368946,0.0005224138263967299
2022-06-30,0.008712490034083514,0.021436444677412646,-0.014393658493700737,0.01132938955938964,0.061202843590891884,0.07153725969815064,0.004771409837160165,-0.004100948910219478,-0.0036360329709922527,0.007962121860005045,0.11086327243714865,0.012745351211559916,-0.004422599357753992,-0.0021764186309362037
2022-09-30,-0.001585751394678498,-0.012264518878957667,0.01211648136458958,0.06729314584894172,0.018723059724067834,0.06717950471339088,0.0075385092046135055,-0.0022561235378517276,-0.0005526996376589025,-0.0022677748280177205,-0.13255883510063785,0.010917452784782915,-0.009344836825309483,-0.0048530511747243415
2022-12-31,0.0013837168300802442,0.023172849533896277,-0.04541855894380316,-0.06561725263882626,0.02316712915639206,0.018829466860477956,0.009464529911982753,3.140013639069735e-05,0.0014639670290077476,0.029099357872839172,-0.13673311495862253,0.006450678897880014,-0.013667527443287558,-0.007254063474774973
2023-03-31,-0.005909793493661015,-0.03422987886700394,0.0036981433265255567,0.0017741788544190767,-0.0703812301292316,0.003682634815796254,0.010842957430137731,0.0008508111940829979,0.0015556336956744216,0.05234992947362897,-0.10029675017321162,0.007062239993154414,-0.015822006316109832,-0.008408908046651951
2023-06-30,-0.003992818646011715,-0.016760344366584724,-0.04675803218890469,0.004330279170645738,0.01500665884343176,0.06671760868951929,0.012602947502328918,0.0019569119898389725,0.0031556336956744223,0.05571565424496487,-0.04874316020556603,0.0031748135969279145,-0.015734420627664808,-0.008180357626365818
2023-09-30,-0.0055344674911062715,-0.013933813185632396,-0.03503631126769609,0.017294549111321972,-0.04034111202363379,-0.007339406750883265,0.014975225191959582,0.0036488881171599227,0.004955633695674422,-0.02612552973413269,0.0953072884016982,0.0032369788650486145,-0.01342778306459233,-0.006559147319559087
2023-12-31,-0.0054472981094645,-0.004986500039983391,0.017275561230435874,0.002945694087462229,0.005853594767478805,0.01902305041957711,0.015958904189633402,0.004632404600676398,0.004972300362341097,0.018293375528318823,-0.040962189933785434,-0.0008525418103735856,-0.009874560966288887,-0.004328846160809639
2024-03-31,-0.006029981082875297,-0.005372608964917128,-0.05006687958720431,0.016810979325161485,-0.004124795668970853,-0.0025378971286396934,0.01611469393472352,0.005168118886390697,0.0049806336956744225,-0.02510779560728622,-0.023124846319103734,0.0008913070277383144,-0.0067088066662974455,-0.0024138146063062953
2024-06-30,-0.003811017345748697,0.010844772655165221,0.02487540556265326,0.04563861502421371,0.03185422902496958,0.017350164022783693,0.015450716318467714,0.005168118886390697,0.004988967029007772,0.009673398847125637,0.010998622969502587,-0.0020621959120062853,-0.004137559820658748,-0.0009374642605483024
2024-09-30,0.003166993393428113,-0.0031052319910447688,0.024128732419786122,-0.04185769011208809,0.01848412480219684,-0.018773681726421992,0.014792448813148881,0.005168118886390697,0.005038967029007772,0.01322698902221724,-0.06684723800523597,-0.0013890227998052855,-0.0019966332793290575,0.00028126491371727354
2024-12-31,-0.007767795664847272,-0.010041854616462268,-0.020251284377861903,0.01521024236954868,-0.0006637062243718562,0.0030509802834014776,0.01259611425476824,0.005168118886390697,0.004913967029007772,-0.004048715218728915,-0.07923106769449352,-0.00048099596728878565,-0.0005663441604410735,0.0009198049292121774
2025-03-31,0.0023310889576676867,0.0011843503664969637,-0.04060139346130871,-0.017355334916579507,-0.02129272086464086,0.01563167557748138,0.00938013491603816,0.005168118886390697,0.004480633695674422,-0.01285606103137411,0.006156742685515677,-0.0028539678556045857,0.00019471705142007356,0.00105484372245568
2025-06-30,-0.0007928030228151091,-0.0023609992524527366,-0.0011579154501435021,0.0035889141160515264,-0.010040122675225709,0.01621785130102929,0.0060651465543616195,0.005093966344017798,0.004480633695674422,-0.002020950120711084,-0.11862190773289773,-0.0016572634443541858,0.0005786844636888333,0.0009537253336494595
2025-09-30,-0.004834489588683228,0.004994240998559682,-0.0034620850718367216,0.03487896954332523,0.003067801768817142,0.006204580869216519,-0.010553920395190444,0.004467361310633122,0.0037306336956744214,0.006953366177943555,0.004032660207924461,-8.710361895858561e-05,-0.003910108823478059,-0.003401457333605527
